{
  "esp": true,
  "fullBrightConfig": {
    "enabled": true
  },
  "autoFishConfig": {
    "enabled": false
  },
  "armorOverlayConfig": {
    "enabled": false
  },
  "blocks": {
    "configs": [
      {
        "blocks": [
          "mekanism:osmium_ore"
        ],
        "drawOverlay": false,
        "overlayColor": -2130706433,
        "enabled": true,
        "drawTracers": false,
        "tracerWidth": 1,
        "tracerColor": -1,
        "drawOutline": true,
        "outlineWidth": 1,
        "outlineColor": -2819073,
        "maxDistance": 100.0
      },
      {
        "blocks": [
          "minecraft:copper_ore"
        ],
        "drawOverlay": false,
        "overlayColor": -2130706433,
        "enabled": false,
        "drawTracers": false,
        "tracerWidth": 1,
        "tracerColor": -1,
        "drawOutline": true,
        "outlineWidth": 1,
        "outlineColor": -25718,
        "maxDistance": 20.0
      },
      {
        "blocks": [
          "minecraft:iron_ore"
        ],
        "drawOverlay": false,
        "overlayColor": -2130706433,
        "enabled": false,
        "drawTracers": false,
        "tracerWidth": 1,
        "tracerColor": -1,
        "drawOutline": true,
        "outlineWidth": 1,
        "outlineColor": -1,
        "maxDistance": 40.0
      },
      {
        "blocks": [
          "minecraft:lava"
        ],
        "drawOverlay": false,
        "overlayColor": -2130706433,
        "enabled": false,
        "drawTracers": false,
        "tracerWidth": 1,
        "tracerColor": -1,
        "drawOutline": true,
        "outlineWidth": 1,
        "outlineColor": -25344,
        "maxDistance": 1000.0
      },
      {
        "blocks": [
          "minecraft:spruce_planks"
        ],
        "drawOverlay": true,
        "overlayColor": -2130706433,
        "enabled": false,
        "drawTracers": true,
        "tracerWidth": 1,
        "tracerColor": -1,
        "drawOutline": true,
        "outlineWidth": 1,
        "outlineColor": -1,
        "maxDistance": 1000.0
      },
      {
        "blocks": [
          "minecraft:redstone_ore"
        ],
        "drawOverlay": false,
        "overlayColor": -2130706433,
        "enabled": false,
        "drawTracers": false,
        "tracerWidth": 1,
        "tracerColor": -1,
        "drawOutline": true,
        "outlineWidth": 1,
        "outlineColor": -8912896,
        "maxDistance": 100.0
      }
    ]
  },
  "entities": {
    "configs": []
  },
  "lightLevelConfig": {
    "showLocations": false,
    "showTracers": true,
    "showLightLevelValue": false,
    "useFreeCamPosition": false,
    "maxDistance": 20.0,
    "enabled": false
  },
  "killAuraConfig": {
    "overrideAttackRange": true,
    "maxRange": 6.0,
    "delayMode": "ConstDelay",
    "attackTickInterval": 5,
    "extraTicks": 0.0,
    "priorities": [
      {
        "name": "Enemies",
        "enabled": true,
        "description": "Includes Monsters, Slimes, Magma Cubes, Hoglin. Excludes Neutral Mobs (Enderman, Zombified Piglin). Endermen can be targeted only in creepy state."
      },
      {
        "name": "Shulker Bullets",
        "enabled": true
      },
      {
        "name": "Fireballs",
        "enabled": true,
        "description": "Ghast projectiles."
      }
    ],
    "customEntries": [],
    "attackAll": false,
    "autoRotate": true,
    "scriptEnabled": false,
    "enabled": false
  },
  "boatHackConfig": {
    "overrideFriction": false,
    "friction": 0.9,
    "fly": false,
    "horizontalFlySpeed": 10.0,
    "verticalFlySpeed": 5.0
  },
  "shulkerTooltipConfig": {
    "showOriginal": false,
    "enabled": false
  },
  "projectilePathConfig": {
    "enderPearls": false,
    "bows": false,
    "crossbows": false,
    "tridents": false,
    "snowballs": false,
    "potions": false,
    "expBottles": false,
    "eggs": false,
    "showTraces": false,
    "tracesDuration": 10,
    "fadeDuration": 2
  },
  "elytraHackConfig": {
    "method": "VanillaFly",
    "vanillaFlyVerticalAcceleration": 4.0,
    "vanillaFlyHorizontalAcceleration": 1.0,
    "maxSpeed": 50.0,
    "enabled": false
  },
  "pigHackConfig": {
    "allowRideWithoutCarrot": true,
    "overrideSteeringSpeed": true,
    "steeringSpeed": 0.1,
    "enabled": false
  },
  "endCityChunksConfig": {
    "enabled": false
  },
  "explorationMiniMapConfig": {
    "enabled": false
  },
  "autoCriticalsConfig": {
    "onlyOnGround": false,
    "enabled": false
  },
  "flyHackConfig": {
    "overrideFlyingSpeed": false,
    "flyingSpeed": 0.05,
    "onGroundFlag": true,
    "enabled": false
  },
  "autoTotemConfig": {
    "enabled": false
  },
  "deathCoordinatesConfig": {
    "enabled": false
  },
  "elytraTunnelConfig": {
    "limit": 122.8,
    "enabled": false
  },
  "freeCamConfig": {
    "acceleration": 50.0,
    "maxSpeed": 50.0,
    "slowdownFactor": 0.01,
    "renderHands": false,
    "target": true,
    "spectatorFlight": false
  },
  "movementHackConfig": {
    "disableSlowdownOnUseItem": false,
    "scaleInputVector": false,
    "inputVectorFactor": 1.0,
    "disableCrouchingSlowdown": false,
    "antiKnockback": false,
    "antiPush": false,
    "scaleJumpHeight": false,
    "jumpHeightFactor": 1.0,
    "disableSlimePhysics": false,
    "disableWaterPush": false
  },
  "lockInputsConfig": {
    "mouseInputDisabled": false,
    "holdForward": false,
    "holdAttack": false,
    "holdUse": false
  },
  "scaffoldConfig": {
    "distance": 0.0,
    "replaceBlocksFromInventory": false,
    "attachToAir": false,
    "keepSelectedSlot": false,
    "enabled": false
  },
  "advancedTooltipsConfig": {
    "beeContainer": false,
    "repairCost": false
  },
  "fogConfig": {
    "method": "FogDistanceMod",
    "enabled": false
  },
  "keyBindingScriptsConfig": {
    "scripts": [
      {
        "name": "Toggle ESP",
        "code": "esp.toggle();"
      },
      {
        "name": "Toggle FreeCam",
        "code": "freeCam.toggle();"
      },
      {
        "name": "flight",
        "code": "flyHack.toggle();"
      }
    ]
  },
  "keyBindingsConfig": {
    "bindings": [
      "Toggle ESP",
      "Toggle FreeCam",
      "flight",
      null,
      null,
      null,
      null,
      null,
      null,
      null,
      null,
      null,
      null,
      null,
      null,
      null,
      null,
      null,
      null,
      null,
      null,
      null,
      null,
      null,
      null,
      null,
      null,
      null,
      null,
      null
    ]
  },
  "worldMarkersConfig": {
    "entries": [],
    "fontSize": 12,
    "antiAliasing": false,
    "borderWidth": 1,
    "enabled": false
  },
  "userNameConfig": {
    "showNameInTitle": false,
    "enabled": false
  },
  "newChunksConfig": {
    "enabled": false
  },
  "autoDropConfig": {
    "items": []
  },
  "containerButtonsConfig": {
    "showTakeAll": false,
    "showSmartPut": false,
    "checkShulkerContent": false,
    "showDropAll": false,
    "autoTakeAll": false,
    "autoDropAll": false,
    "autoClose": false,
    "useFilter": false,
    "items": []
  },
  "chunksConfig": {
    "ignoreServerViewDistance": false,
    "dontUnloadChunks": false
  },
  "statusOverlayConfig": {
    "enabled": false
  },
  "statusEffectsConfig": {
    "enabled": false
  },
  "autoEatConfig": {
    "isHungerLimitEnabled": false,
    "hungerLimit": 10,
    "enabled": false
  },
  "noFallConfig": {
    "enabled": true
  },
  "particlesConfig": {
    "disableBlockBreaking": false,
    "disableBlockDestroyed": false
  },
  "antiRespawnResetConfig": {
    "enabled": false
  },
  "fastBreakConfig": {
    "factor": 1.8,
    "disableDestroyDelay": false,
    "enabled": true
  },
  "containerSummaryConfig": {
    "showForInventory": false,
    "enabled": false
  },
  "autoCraftConfig": {
    "items": [],
    "enabled": false
  },
  "reachConfig": {
    "overrideReachDistance": false,
    "reachDistance": 4.5,
    "overrideAttackRange": false,
    "attackRange": 3.0
  },
  "autoBucketConfig": {
    "speedThreshold": 15.0,
    "useWaterBucket": false,
    "useSlimeBlock": false,
    "useCobweb": false,
    "useHoneyBlock": false,
    "useHayBale": false,
    "autoMoveOnHotbar": false,
    "hotbarSlot": 8,
    "autoPickUp": false,
    "reachDistance": 4.5,
    "enabled": false
  },
  "schematicaConfig": {
    "showMissingBlockGhosts": true,
    "missingBlockGhostsMaxDistance": 10.0,
    "showMissingBlockTracers": false,
    "missingBlockTracersMaxDistance": 30.0,
    "showMissingBlockCubes": true,
    "missingBlockCubesMaxDistance": 100.0,
    "showWrongBlockTracers": false,
    "wrongBlockTracersMaxDistance": 10.0,
    "showWrongBlockCubes": false,
    "wrongBlockCubesMaxDistance": 10.0,
    "replaceableAsAir": false,
    "airAlwaysValid": false,
    "autoBuild": false,
    "maxRange": 5.0,
    "autoSelectSlots": [
      9
    ],
    "attachToAir": false,
    "useShift": false,
    "actionsPerTick": 1.0,
    "enabled": false
  },
  "performanceConfig": {
    "limitBackgroundWindowFps": false,
    "backgroundWindowFps": 20
  },
  "entityTitleConfig": {
    "fontSize": 12,
    "antiAliasing": false,
    "enchFontSize": 12,
    "enchAntiAliasing": false
  },
  "coordinateLeakProtectionConfig": {
    "enabled": false
  },
  "blockAutomationConfig": {
    "debugMode": false,
    "maxRange": 5.0,
    "autoSelectSlots": [
      9
    ],
    "attachToAir": false,
    "useShift": false,
    "actionsPerTick": 1.0,
    "enabled": false
  },
  "bobHurtConfig": {
    "enabled": false
  },
  "autoAttackConfig": {
    "extraTicks": 0.0,
    "enabled": false
  },
  "noWeatherConfig": {
    "enabled": false
  },
  "fakeWeatherConfig": {
    "enabled": false
  },
  "autoAimConfig": {
    "enabled": false
  },
  "chatUtilitiesConfig": {
    "dontCloseChatOnEnter": false,
    "overrideMessageLimit": false,
    "messageLimit": 100,
    "showTime": false,
    "timeFormat": "HH:mm:ss"
  },
  "execConfig": {
    "enabled": false
  },
  "villagerRollerConfig": {},
  "autoHotbarConfig": {
    "refillSlot1": false,
    "refillSlot2": false,
    "refillSlot3": false,
    "refillSlot4": false,
    "refillSlot5": false,
    "refillSlot6": false,
    "refillSlot7": false,
    "refillSlot8": false,
    "refillSlot9": false,
    "refillSlotOffhand": false,
    "enabled": false
  },
  "invMoveConfig": {
    "enabled": false
  },
  "areaMineConfig": {
    "radius": 3.0,
    "preview": false,
    "enabled": false
  },
  "serverPluginsConfig": {
    "waitTicks": 20,
    "autoPrint": false
  },
  "hitboxSizeConfig": {
    "widthMode": "PERCENT",
    "widthPercent": 25.0,
    "widthAbsolute": 0.5,
    "heightMode": "PERCENT",
    "heightPercent": 0.0,
    "heightAbsolute": 0.0,
    "enabled": false
  },
  "eventsScriptingConfig": {
    "enabled": false
  },
  "bedrockBreakerConfig": {
    "placeSupportBlock": false,
    "supportBlockId": "minecraft:netherrack",
    "replace": false,
    "replaceBlockId": "minecraft:netherrack"
  },
  "coreConfig": {
    "port": 5005
  },
  "antiHungerConfig": {
    "enabled": false
  },
  "monacoEditor": {
    "json": ""
  },
  "stepUp": {
    "height": 1.0,
    "enabled": false
  }
}